{"cameraMode":{"drawMode":0,"name":"Shaded","section":"Shading Mode"},"sceneLighting":true,"audioPlay":false,"sceneViewState":{"m_AlwaysRefresh":false,"showFog":true,"showSkybox":true,"showFlares":true,"showImageEffects":true,"showParticleSystems":true,"showVisualEffectGraphs":true,"m_FxEnabled":false},"in2DMode":false,"pivot":{"x":28.885025024414064,"y":0.5694326162338257,"z":0.549568235874176},"rotation":{"x":0.022513538599014283,"y":0.7074031829833984,"z":-0.022467123344540597,"w":0.706195592880249},"size":12.12435531616211,"orthographic":false}